"Alle studenten",,,,,,,,,,,,,,,,,,,,,,,,,,,,,,,,,,,,,,,,,
"Naam","Voornaam","nummer","onlineID","ijkingstoetssessie","FeedbackGroep","TOTAAL","juist","fout","blanco","scoreA","juistA","foutA","blancoA","scoreB","juistB","foutB","blancoB","scoreC","juistC","foutC","blancoC","scoreD","juistD","foutD","blancoD","scoreE","juistE","foutE","blancoE","scoreF","juistF","foutF","blancoF","scoreG","juistG","foutG","blancoG","scoreH","juistH","foutH","blancoH"
,,32177,"hi1590994007m8PFKOXaPoHbR4Uvomj2TKu3eFjqRc",19,,,,,,,,,,,,,,,,,,,,,,,,,,,,,,,,,,,,,
,,32179,"hi1590995567C5Gkh8lFFlEfsba8rZhQAWEgnen5Rd",19,,,,,,,,,,,,,,,,,,,,,,,,,,,,,,,,,,,,,
,,32190,"hi1591003709OT46oaw3JTksokBu9Th3C3voAC009P",19,,,,,,,,,,,,,,,,,,,,,,,,,,,,,,,,,,,,,
,,32198,"hi1591008869KRQ8tTfkN19KM7dkYRZLddaNUio6uT",19,,,,,,,,,,,,,,,,,,,,,,,,,,,,,,,,,,,,,
,,32226,"hi1591015706OaHqYx91VV5lDBwyrZ5qkWhtwada9Z",19,,,,,,,,,,,,,,,,,,,,,,,,,,,,,,,,,,,,,
,,32248,"hi1591025240fndyormFEz8x7XWdg7RWUSYrkFfXyy",19,,,,,,,,,,,,,,,,,,,,,,,,,,,,,,,,,,,,,
,,32269,"hi1591045175tZPmfkP3EAJfOTYV8p2fRkqD3Q2mNO",19,,,,,,,,,,,,,,,,,,,,,,,,,,,,,,,,,,,,,
,,32271,"hi1591046472EHQA3xHmICIT31uVfrsz1TEfdSd01q",19,,,,,,,,,,,,,,,,,,,,,,,,,,,,,,,,,,,,,
,,32309,"hi1591114102EODfCGbhvSOp6fXHvhOTLjv5SED4Rm",19,,,,,,,,,,,,,,,,,,,,,,,,,,,,,,,,,,,,,
,,32314,"hi15911203961Uf6BjOVTuhZYse4bexcmMHK9KVtd0",19,,,,,,,,,,,,,,,,,,,,,,,,,,,,,,,,,,,,,
,,32315,"hi1591121865GT43xyoBAeAteUronXsF6ADnMhuSdF",19,,,,,,,,,,,,,,,,,,,,,,,,,,,,,,,,,,,,,
,,32325,"hi1591145085lRgCNyzwit5F95yFwX87K8tNxJVnKQ",19,,,,,,,,,,,,,,,,,,,,,,,,,,,,,,,,,,,,,
,,32328,"hi1591165807fSanGg32w9MdwmwtyjowP3fVMPBtKb",19,,,,,,,,,,,,,,,,,,,,,,,,,,,,,,,,,,,,,
,,32330,"hi1591170860vmkhEA03rYf6UOceuxVkOs53vPdjTS",19,,,,,,,,,,,,,,,,,,,,,,,,,,,,,,,,,,,,,
,,32335,"hi15911739390b4ulE8kyaoY54LM9dQjCi7vUe7XSh",19,,,,,,,,,,,,,,,,,,,,,,,,,,,,,,,,,,,,,
,,32348,"hi15911916803cGrWfm2yBzZSWcVhWjP1xsbGNQCWG",19,,,,,,,,,,,,,,,,,,,,,,,,,,,,,,,,,,,,,
,,32351,"hi1591196234hDis46ZRqfvaJ4AosxuhEIqK7PanC2",19,,,,,,,,,,,,,,,,,,,,,,,,,,,,,,,,,,,,,
,,32371,"hi1591270717qNys1ZyLASQZrx93kQSPpGZauhcybY",19,,,,,,,,,,,,,,,,,,,,,,,,,,,,,,,,,,,,,
,,32377,"hi1591277210ylxoUfkei1r4vp6Mxk6lxfsG4rrso4",19,,,,,,,,,,,,,,,,,,,,,,,,,,,,,,,,,,,,,
,,33679,"hi1591293932sY5pBNJis8D3B0tGQ3J61JmW4B7Zul",19,,,,,,,,,,,,,,,,,,,,,,,,,,,,,,,,,,,,,
,,32388,"hi1591304657gXmZgjOUbFVxjTd6Gts2FyOTGcnbIc",19,,,,,,,,,,,,,,,,,,,,,,,,,,,,,,,,,,,,,
,,33681,"hi15913507799gnyiEclFRWtt28nekP0aLegYNj7AU",19,,,,,,,,,,,,,,,,,,,,,,,,,,,,,,,,,,,,,
,,32422,"hi1591373645zeBj0KzOMARJUlpgYScpBPA2hI2frC",19,,,,,,,,,,,,,,,,,,,,,,,,,,,,,,,,,,,,,
,,32425,"hi1591377762xY1rmoqgm5f3EY37S67YVU7inbWvKf",19,,,,,,,,,,,,,,,,,,,,,,,,,,,,,,,,,,,,,
,,33682,"hi1591389378tN6HJvRfyyV7YFLsOgHL9m65hZb4WM",19,,,,,,,,,,,,,,,,,,,,,,,,,,,,,,,,,,,,,
,,32446,"hi1591456742iYrerRUn5IlkmassK52Ao9ZlWz8Yd4",19,,,,,,,,,,,,,,,,,,,,,,,,,,,,,,,,,,,,,
,,32449,"hi1591459702RO32bLosP980j0y8EMzipY5LGu1FSV",19,,,,,,,,,,,,,,,,,,,,,,,,,,,,,,,,,,,,,
,,32463,"hi1591530970jzl60R78kCaVuwt5bFQzy33QhpGwXJ",19,,,,,,,,,,,,,,,,,,,,,,,,,,,,,,,,,,,,,
,,32476,"hi1591552550inY0hOivbSJBGl9fEH1aEOM86NuzCC",19,,,,,,,,,,,,,,,,,,,,,,,,,,,,,,,,,,,,,
,,32492,"hi1591612531ghlJgdowVzMjcq8G4tbpqlVJxYsVf6",19,,,,,,,,,,,,,,,,,,,,,,,,,,,,,,,,,,,,,
,,32493,"hi1591612669byqM1OGg2iPv0e2FfrYceFQwE7B2zh",19,,,,,,,,,,,,,,,,,,,,,,,,,,,,,,,,,,,,,
,,32496,"hi15916176369I0s05KwocnkHGuAzKMGdJ2tnvljjv",19,,,,,,,,,,,,,,,,,,,,,,,,,,,,,,,,,,,,,
,,32511,"hi1591640319gDgn3wntkwx9UbJrt1VYmaXdae9OCJ",19,,,,,,,,,,,,,,,,,,,,,,,,,,,,,,,,,,,,,
,,32517,"hi1591646837BDHTXanDsi7k0wLk0VGaPhAuS6Veoh",19,,,,,,,,,,,,,,,,,,,,,,,,,,,,,,,,,,,,,
,,32518,"hi1591647206ACAF0aNS1oKGWnxlKczwTtKY6B6aUu",19,,,,,,,,,,,,,,,,,,,,,,,,,,,,,,,,,,,,,
,,32524,"hi1591701004ZdQu1ByRoYD7QAnVZLwqsG27B5k8I0",19,,,,,,,,,,,,,,,,,,,,,,,,,,,,,,,,,,,,,
,,32543,"hi15917310601b2nqMf3AWbwb5YWUKkJPBfExoSTFt",19,,,,,,,,,,,,,,,,,,,,,,,,,,,,,,,,,,,,,
,,32545,"hi1591733356bv09uXWaDqnnfRsUVyCNiWmFO55wEL",19,,,,,,,,,,,,,,,,,,,,,,,,,,,,,,,,,,,,,
,,32551,"hi15917914205EtN3u9tgOmvXFo3kc9PzN8X56JBHl",19,,,,,,,,,,,,,,,,,,,,,,,,,,,,,,,,,,,,,
,,32567,"hi1591875104GLr68HeZrAFpoCxCoTED3U8Lydn5xK",19,,,,,,,,,,,,,,,,,,,,,,,,,,,,,,,,,,,,,
,,32574,"hi1591905658Vg2ZF82U8lQTO68aXIzBqVAVC8DnlG",19,,,,,,,,,,,,,,,,,,,,,,,,,,,,,,,,,,,,,
,,32581,"hi1591962327b8o5XmLPIoGWZgAwRowsfYpn2ICvmx",19,,,,,,,,,,,,,,,,,,,,,,,,,,,,,,,,,,,,,
,,32584,"hi1591984443gA8sII4UdPhEmUNJpzxttVhny1wCxp",19,,,,,,,,,,,,,,,,,,,,,,,,,,,,,,,,,,,,,
,,32588,"hi1592034599AnIr5mdzpZLdkHKv2AIAGYGqu0Ozs5",19,,,,,,,,,,,,,,,,,,,,,,,,,,,,,,,,,,,,,
,,32594,"hi15920478855ZN5wTYlLNhVLYFyP8fdi1gJBMLM3W",19,,,,,,,,,,,,,,,,,,,,,,,,,,,,,,,,,,,,,
,,32604,"hi1592132057qWXCatJE3ptYjHWoSDSra8LI4rFcpD",19,,,,,,,,,,,,,,,,,,,,,,,,,,,,,,,,,,,,,
,,32609,"hi15921392226PLuBwko4RWFNwaD4bBYfrGQTYegCy",19,,,,,,,,,,,,,,,,,,,,,,,,,,,,,,,,,,,,,
,,32625,"hi1592227014gUl6DHorAJdmEA8rE7KoxAa9p1fZDo",19,,,,,,,,,,,,,,,,,,,,,,,,,,,,,,,,,,,,,
,,33693,"hi1592242202CVgVv25KiuUpKDgJ4CyuaYEtPHNYaQ",19,,,,,,,,,,,,,,,,,,,,,,,,,,,,,,,,,,,,,
,,32628,"hi1592248616CRhuIwVuuYXI9KLIRAY5AiB4Vi33W3",19,,,,,,,,,,,,,,,,,,,,,,,,,,,,,,,,,,,,,
,,32630,"hi1592296645jcj112QJUpUDQYxOwv8ijuRLdSQBY2",19,,,,,,,,,,,,,,,,,,,,,,,,,,,,,,,,,,,,,
,,32631,"hi1592297871qeoLi4UL47QXvRgfeMhOCTuWqkb7dd",19,,,,,,,,,,,,,,,,,,,,,,,,,,,,,,,,,,,,,
,,32636,"hi1592320818FYiknVbCv1f5Ja7cnCjBrlxTa4t6np",19,,,,,,,,,,,,,,,,,,,,,,,,,,,,,,,,,,,,,
,,32645,"hi1592402554xXC3URvX194j7QHchvl7Rahs8EzTbi",19,,,,,,,,,,,,,,,,,,,,,,,,,,,,,,,,,,,,,
,,32656,"hi1592425057EJw6TmKX25qieIfcjV6hFeiRl6LrU3",19,,,,,,,,,,,,,,,,,,,,,,,,,,,,,,,,,,,,,
,,32661,"hi1592489461UgvirhW4gMy4zimdBaFPdRvyRsTJIJ",19,,,,,,,,,,,,,,,,,,,,,,,,,,,,,,,,,,,,,
,,32673,"hi1592588426ddv5pHzUWfUVZas81joD5GOC5Ti3SD",19,,,,,,,,,,,,,,,,,,,,,,,,,,,,,,,,,,,,,
,,32676,"hi1592643608Pd9K3JwN4YDPMaRSCYCj40tbYNiP09",19,,,,,,,,,,,,,,,,,,,,,,,,,,,,,,,,,,,,,
,,32680,"hi1592676783aVvpmhGmAs1EjVeG3YvhIetUbT53ZR",19,,,,,,,,,,,,,,,,,,,,,,,,,,,,,,,,,,,,,
,,32684,"hi1592688989yr9Ve7y1GzquLfG6DaLGg82Lr635sf",19,,,,,,,,,,,,,,,,,,,,,,,,,,,,,,,,,,,,,
,,32686,"hi1592734208oBrLmIdtURunSyqyMvbrd5skwyfLUa",19,,,,,,,,,,,,,,,,,,,,,,,,,,,,,,,,,,,,,
,,32692,"hi15927654935J0jV5UlrdS0sy9ImF8Cmu7gQoBaem",19,,,,,,,,,,,,,,,,,,,,,,,,,,,,,,,,,,,,,
,,32696,"hi15928237533A3qCREEdb2i4QRvMaxSby1GxKnY7W",19,,,,,,,,,,,,,,,,,,,,,,,,,,,,,,,,,,,,,
,,32706,"hi1592905740VEiimWXTrSbpK5Ip1I1Bi46QDA3aVd",19,,,,,,,,,,,,,,,,,,,,,,,,,,,,,,,,,,,,,
,,32708,"hi1592911819vXAE9ACESUnTKBgLFy179i6oUvFZXy",19,,,,,,,,,,,,,,,,,,,,,,,,,,,,,,,,,,,,,
,,32709,"hi1592918085NLeJqGoi40K1o6iOclxuqgNCAHqEfR",19,,,,,,,,,,,,,,,,,,,,,,,,,,,,,,,,,,,,,
,,32712,"hi15929306498TU46v2E92yt1Jq4IwGniogwwq5j8p",19,,,,,,,,,,,,,,,,,,,,,,,,,,,,,,,,,,,,,
,,32721,"hi1593005923fcyZ8D2bl6OKdATEHfsPbZ2dGKZkGj",19,,,,,,,,,,,,,,,,,,,,,,,,,,,,,,,,,,,,,
,,32737,"hi1593084393opMRQLviM7A1lMeomoY4KfPzclANnS",19,,,,,,,,,,,,,,,,,,,,,,,,,,,,,,,,,,,,,
,,32749,"hi1593170624WZ9iYBElikIkBD1cAf9Iui4YYrTLES",19,,,,,,,,,,,,,,,,,,,,,,,,,,,,,,,,,,,,,
,,32752,"hi1593195094LFlWhid5W2CdtsR3C2vAZvm59L2ReX",19,,,,,,,,,,,,,,,,,,,,,,,,,,,,,,,,,,,,,
,,32761,"hi1593251061SQle7rykCK3G0HqBKV8pp4eNnuXqFd",19,,,,,,,,,,,,,,,,,,,,,,,,,,,,,,,,,,,,,
,,32765,"hi1593260221iRKiENEZj0yczqHij2UvtO0T4ISdS7",19,,,,,,,,,,,,,,,,,,,,,,,,,,,,,,,,,,,,,
,,32792,"hi15933655461XMSqXkj2ol7gXJo7Jdhzoajb1v6jy",19,,,,,,,,,,,,,,,,,,,,,,,,,,,,,,,,,,,,,
,,32793,"hi1593370402pvHqxChQo9IxQ5WIFNW1dwEwfZCQ3Z",19,,,,,,,,,,,,,,,,,,,,,,,,,,,,,,,,,,,,,
,,33708,"hi1593386758Xr5RR1sUL7NK6dUjmmxHnYvU3sxinB",19,,,,,,,,,,,,,,,,,,,,,,,,,,,,,,,,,,,,,
,,32806,"hi1593432822UON7o2QJOEde1Gl1q9lo2deSj3Zs1u",19,,,,,,,,,,,,,,,,,,,,,,,,,,,,,,,,,,,,,
,,32817,"hi1593458182zIwFDPWZuYkWRTB5YrqA2k39gmbeV7",19,,,,,,,,,,,,,,,,,,,,,,,,,,,,,,,,,,,,,
,,32822,"hi1593510646Mw3cpotGgU9a9eHU0hYg7E3pe3wxis",19,,,,,,,,,,,,,,,,,,,,,,,,,,,,,,,,,,,,,
,,32823,"hi1593511603jKyyFd7Rf7ineZ974FaPiSMB5rDhWd",19,,,,,,,,,,,,,,,,,,,,,,,,,,,,,,,,,,,,,
,,33712,"hi1593526974WuJkZwK9qMCfCTzEOvYUIdKOKPO0jg",19,,,,,,,,,,,,,,,,,,,,,,,,,,,,,,,,,,,,,
,,32852,"hi1593614736dMBIiUyuUAPw82lMa8730WJIi2uUGy",19,,,,,,,,,,,,,,,,,,,,,,,,,,,,,,,,,,,,,
,,32857,"hi1593626037JcwZYQRj3mkMglq6xXTqvLBjhWlE0o",19,,,,,,,,,,,,,,,,,,,,,,,,,,,,,,,,,,,,,
,,32865,"hi1593678956ZC8HU6uthUnAWnbyKORUaK9crHRd5b",19,,,,,,,,,,,,,,,,,,,,,,,,,,,,,,,,,,,,,
,,32875,"hi1593694852dpNvTBabURjZ21lOTVsj3qPBMsN338",19,,,,,,,,,,,,,,,,,,,,,,,,,,,,,,,,,,,,,
,,32886,"hi1593716466Azfr5tz4Ir4r6Xyv3MTkvccfLG6Orx",19,,,,,,,,,,,,,,,,,,,,,,,,,,,,,,,,,,,,,
,,33720,"hi1593770767Si9C9B3OH0OwEMGLdkA5ZMV8cpJsNh",19,,,,,,,,,,,,,,,,,,,,,,,,,,,,,,,,,,,,,
,,32892,"hi1593774957UwNyGSegnc2G5TZYpdP7J37aQQRShw",19,,,,,,,,,,,,,,,,,,,,,,,,,,,,,,,,,,,,,
,,33722,"hi1593864699IS1kKuV50SpE96r8DGRMSJzyvDLdVN",19,,,,,,,,,,,,,,,,,,,,,,,,,,,,,,,,,,,,,
,,33723,"hi15938719551cTaHCqQ3sQ7Lba4n4i3UZkuX0zVm1",19,,,,,,,,,,,,,,,,,,,,,,,,,,,,,,,,,,,,,
,,32916,"hi1593887821Unnigjhg8HrnTD9qT7lbhZSP5eZKlF",19,,,,,,,,,,,,,,,,,,,,,,,,,,,,,,,,,,,,,
,,32923,"hi1593954274VYWAjRZl84iMLMmf7PqadWF7kzQz4P",19,,,,,,,,,,,,,,,,,,,,,,,,,,,,,,,,,,,,,
,,32924,"hi1593955195HzMyJpJ63T3Qcdszcopbk8gJbNIzIF",19,,,,,,,,,,,,,,,,,,,,,,,,,,,,,,,,,,,,,
,,32935,"hi1593979237zSjAVLssMScvZFOpUVi0Su0Kso5x1q",19,,,,,,,,,,,,,,,,,,,,,,,,,,,,,,,,,,,,,
,,32936,"hi1593987074Z4NC9IgQQHt35thu7YUwckd3Li2Ii7",19,,,,,,,,,,,,,,,,,,,,,,,,,,,,,,,,,,,,,
,,32937,"hi1594025519hb83expgeginMjhfumxgb77AUpzGkD",19,,,,,,,,,,,,,,,,,,,,,,,,,,,,,,,,,,,,,
,,32940,"hi1594037242gmQHFExZfVPxPfmBA3sTNmDrwSeQdn",19,,,,,,,,,,,,,,,,,,,,,,,,,,,,,,,,,,,,,
,,32946,"hi1594053326EhHxEel3goVgTwS8kfZJphzZRTaGxT",19,,,,,,,,,,,,,,,,,,,,,,,,,,,,,,,,,,,,,
,,32947,"hi1594055445mqpzCixYpCkQaXJrd4myHheUatdONt",19,,,,,,,,,,,,,,,,,,,,,,,,,,,,,,,,,,,,,
,,32950,"hi1594122016oBGrSF1gzn4GYBrSRayzUyNUkzIpAB",19,,,,,,,,,,,,,,,,,,,,,,,,,,,,,,,,,,,,,
,,32952,"hi1594131865MpEqEg8U5JFHsSDTL2tJZ6KEbBwq15",19,,,,,,,,,,,,,,,,,,,,,,,,,,,,,,,,,,,,,
,,32953,"hi1594133700zgVm8O9rIiZEeAjIRTedXBA2G7lKDx",19,,,,,,,,,,,,,,,,,,,,,,,,,,,,,,,,,,,,,
,,33726,"hi15941365755LKuPuszM56A20bu9pQVuojvn9reAt",19,,,,,,,,,,,,,,,,,,,,,,,,,,,,,,,,,,,,,
,,32978,"hi1594298953wcRJW5EEzlPo0DyPwrxmKspIWdrSA4",19,,,,,,,,,,,,,,,,,,,,,,,,,,,,,,,,,,,,,
,,32981,"hi1594304302E4kFJDZNT74HLrBh647J6xIFIZID6R",19,,,,,,,,,,,,,,,,,,,,,,,,,,,,,,,,,,,,,
,,32987,"hi1594368905tQ6P907bsR9friZtuzFd7bSj50ZnyJ",19,,,,,,,,,,,,,,,,,,,,,,,,,,,,,,,,,,,,,
,,32996,"hi1594395734OLvPJIaP6QIcKixJ26j0i0H18TDZJ6",19,,,,,,,,,,,,,,,,,,,,,,,,,,,,,,,,,,,,,
,,32997,"hi1594407592tXPAwB7NyUMQS0fNbVkcwz7XgcZgjT",19,,,,,,,,,,,,,,,,,,,,,,,,,,,,,,,,,,,,,
,,32998,"hi1594408791De30po2xmEqnaznKBvm0AnvWQTb6e8",19,,,,,,,,,,,,,,,,,,,,,,,,,,,,,,,,,,,,,
,,33013,"hi1594549184CgHIDunZUU87g0JjOrnurT35YORPrI",19,,,,,,,,,,,,,,,,,,,,,,,,,,,,,,,,,,,,,
,,33015,"hi1594585204Fa7TwDBYch2JdmeKs138FzfxK4eRce",19,,,,,,,,,,,,,,,,,,,,,,,,,,,,,,,,,,,,,
,,33044,"hi1594826841u8uOPoG9AzBHNQqhN1d0EsAJIxSn2b",19,,,,,,,,,,,,,,,,,,,,,,,,,,,,,,,,,,,,,
,,33048,"hi1594831856uFZEFWV2qDbkfi6cSKYoEpwiTSRBgA",19,,,,,,,,,,,,,,,,,,,,,,,,,,,,,,,,,,,,,
,,33055,"hi15949074874UC5p75SyGCZ1DntdLlRYuDmcWhjux",19,,,,,,,,,,,,,,,,,,,,,,,,,,,,,,,,,,,,,
,,33064,"hi1594974184ZUYU4MsAk9548FqwZIIUirQ3QRUj4u",19,,,,,,,,,,,,,,,,,,,,,,,,,,,,,,,,,,,,,
,,33067,"hi1594992037AmDSuDWp4zaKrcNbxpyMB7L34HNMsp",19,,,,,,,,,,,,,,,,,,,,,,,,,,,,,,,,,,,,,
,,33068,"hi1594995722KpPLHX3vlR2rxmx3Dw1PREho2A5buj",19,,,,,,,,,,,,,,,,,,,,,,,,,,,,,,,,,,,,,
,,33071,"hi1595057121Uruhgwulu7GcFKLnp4olNeB5MaVisW",19,,,,,,,,,,,,,,,,,,,,,,,,,,,,,,,,,,,,,
,,33072,"hi1595066152K45Gp59BeoMg3MFXLFwMdrELJqrf8t",19,,,,,,,,,,,,,,,,,,,,,,,,,,,,,,,,,,,,,
,,33742,"hi1595153191DvH26CreSplO4JH4QY7b8zozLP2kpr",19,,,,,,,,,,,,,,,,,,,,,,,,,,,,,,,,,,,,,
,,33086,"hi1595180533oOliG7BEnvonzCd7sHzrKvWcWsc1wV",19,,,,,,,,,,,,,,,,,,,,,,,,,,,,,,,,,,,,,
,,33090,"hi1595239285Q8GC5qN9MITr5i7bPidJvnETz6Qoc4",19,,,,,,,,,,,,,,,,,,,,,,,,,,,,,,,,,,,,,
,,33091,"hi15952401858KfaAzfGcVfd4eLhvwpleVu0lHkX21",19,,,,,,,,,,,,,,,,,,,,,,,,,,,,,,,,,,,,,
,,33108,"hi1595327872lhKWN8oEdHUYZk6RQO049FcE3Fb5kd",19,,,,,,,,,,,,,,,,,,,,,,,,,,,,,,,,,,,,,
,,33117,"hi15954154905ogMU4AeubvBosAQza4RJl353Bq0wr",19,,,,,,,,,,,,,,,,,,,,,,,,,,,,,,,,,,,,,
,,33129,"hi1595494526NsMB8tN9wICwxETahDSQyn123c37Wp",19,,,,,,,,,,,,,,,,,,,,,,,,,,,,,,,,,,,,,
,,33132,"hi1595517746b33XPZhEQPSWn8zxz6dIi6eDUMXMXv",19,,,,,,,,,,,,,,,,,,,,,,,,,,,,,,,,,,,,,
,,33137,"hi1595539070y8QMPRaW4iqy31w2CpO2G8rv0O0xhw",19,,,,,,,,,,,,,,,,,,,,,,,,,,,,,,,,,,,,,
,,33751,"hi1595590786DsyMESUE936M5OXUQCfwJo1TlkpJUg",19,,,,,,,,,,,,,,,,,,,,,,,,,,,,,,,,,,,,,
,,33141,"hi1595591931tSEROZfSIcAai5Px0O048m4sjvJQDJ",19,,,,,,,,,,,,,,,,,,,,,,,,,,,,,,,,,,,,,
,,33752,"hi1595672026xUtaQsrAV0BBiLfwcvb4vCGJMufdZP",19,,,,,,,,,,,,,,,,,,,,,,,,,,,,,,,,,,,,,
,,33153,"hi1595685724toEPnchbTYruF6raEhu77NkfvM84U6",19,,,,,,,,,,,,,,,,,,,,,,,,,,,,,,,,,,,,,
,,33155,"hi1595693181fYedrovJkvMw6qFuMqKkhLygwDHJOq",19,,,,,,,,,,,,,,,,,,,,,,,,,,,,,,,,,,,,,
,,33754,"hi1595715372Opgp4FPHceh2YT8G15s0qKlf7twAwU",19,,,,,,,,,,,,,,,,,,,,,,,,,,,,,,,,,,,,,
,,33161,"hi1595760575sPbkQO8vudFQLvpSUR7hNeDTUyh3LV",19,,,,,,,,,,,,,,,,,,,,,,,,,,,,,,,,,,,,,
,,33758,"hi1595882273QT0LRtyf5bliWTRRtjnuK6mWF3Uv7k",19,,,,,,,,,,,,,,,,,,,,,,,,,,,,,,,,,,,,,
,,33761,"hi1595936897R51hqmqmR3gWc4SU02COukUOVcKB51",19,,,,,,,,,,,,,,,,,,,,,,,,,,,,,,,,,,,,,
,,33763,"hi15959666286weCAdRBHCA4JoSLp1K69KtI4rBBQi",19,,,,,,,,,,,,,,,,,,,,,,,,,,,,,,,,,,,,,
,,33213,"hi1596110259orIwGBKh7xtJRV33c0xWKJJDj4NMEp",19,,,,,,,,,,,,,,,,,,,,,,,,,,,,,,,,,,,,,
,,33766,"hi15961167796M4LVXLatYPVVvRbtVwMb6ZACMo619",19,,,,,,,,,,,,,,,,,,,,,,,,,,,,,,,,,,,,,
,,33224,"hi1596143836CBRts39pFIuStOXlowcrOJENlRcBQ8",19,,,,,,,,,,,,,,,,,,,,,,,,,,,,,,,,,,,,,
,,33226,"hi1596185920kIjDvZ6CkkBPssaZFLQd0n1vpwr3hZ",19,,,,,,,,,,,,,,,,,,,,,,,,,,,,,,,,,,,,,
,,33231,"hi1596197136AnZLBg5N7UmxrJsTKpWAoFvHvxZh6G",19,,,,,,,,,,,,,,,,,,,,,,,,,,,,,,,,,,,,,
,,33771,"hi1596222546RpwtGfXymppHHi2yvkAQUJ26SBMBvv",19,,,,,,,,,,,,,,,,,,,,,,,,,,,,,,,,,,,,,
,,33247,"hi1596275518TpVrZdeCpiwnAvuaIEU3cf505SG1pZ",19,,,,,,,,,,,,,,,,,,,,,,,,,,,,,,,,,,,,,
,,33251,"hi1596279906i38Yx8yqcNwLc23IJyzVZ4eij4Hgk0",19,,,,,,,,,,,,,,,,,,,,,,,,,,,,,,,,,,,,,
,,33253,"hi1596281068FjPIhG8e2wobk3MSaKZxvT34SdhocZ",19,,,,,,,,,,,,,,,,,,,,,,,,,,,,,,,,,,,,,
,,33255,"hi159628429467FGS4uGTdmEmTUKEaFHX5jOE3aCcZ",19,,,,,,,,,,,,,,,,,,,,,,,,,,,,,,,,,,,,,
,,33265,"hi15963110028wS2JRrgWXP7AALmLypzRl64wSTFOP",19,,,,,,,,,,,,,,,,,,,,,,,,,,,,,,,,,,,,,
,,33779,"hi15963551828SK6ZaRAXChS9VxHRxhs9sr85vWKFB",19,,,,,,,,,,,,,,,,,,,,,,,,,,,,,,,,,,,,,
,,33780,"hi1596360067DewuuxznvqrD1HWNuJU4iQSLhQ3qla",19,,,,,,,,,,,,,,,,,,,,,,,,,,,,,,,,,,,,,
,,33268,"hi1596365766uaO8rpdsngHF8uWARYRezSlX4MwZDZ",19,,,,,,,,,,,,,,,,,,,,,,,,,,,,,,,,,,,,,
,,33274,"hi159638343042OPxBiSHh6GmZuCATDs0GOmxLyEat",19,,,,,,,,,,,,,,,,,,,,,,,,,,,,,,,,,,,,,
,,33281,"hi1596396977d9e1ar1hag2xU6TjUVuThejiOnSXKU",19,,,,,,,,,,,,,,,,,,,,,,,,,,,,,,,,,,,,,
,,33295,"hi1596453390IRUCrhgts4JuBeqjSPXycoBZM41CEB",19,,,,,,,,,,,,,,,,,,,,,,,,,,,,,,,,,,,,,
,,33300,"hi1596462094Aqn4NEjB0hpqF10appydBaG4je6hPh",19,,,,,,,,,,,,,,,,,,,,,,,,,,,,,,,,,,,,,
,,33306,"hi1596476471I0fMG3YMVcbfhtaCBuzv3pGHEAjRj6",19,,,,,,,,,,,,,,,,,,,,,,,,,,,,,,,,,,,,,
,,33789,"hi1596549983YfrB87LF3gYSM2JzyzklBN5nHmO4gE",19,,,,,,,,,,,,,,,,,,,,,,,,,,,,,,,,,,,,,
,,33321,"hi1596552411RggGFzdLPIuuQ3NcFtV4yJJMOwcEhg",19,,,,,,,,,,,,,,,,,,,,,,,,,,,,,,,,,,,,,
,,33327,"hi1596612088mRmpEAv59StewhHykl1uqxcXiv1DuB",19,,,,,,,,,,,,,,,,,,,,,,,,,,,,,,,,,,,,,
,,33794,"hi1596630180uZlhnsZkFItzVEHATxwpyZaOd5hUV8",19,,,,,,,,,,,,,,,,,,,,,,,,,,,,,,,,,,,,,
,,33347,"hi15966448616VfUo92EHgZc5KnPA9uBC6rhtQ4uVZ",19,,,,,,,,,,,,,,,,,,,,,,,,,,,,,,,,,,,,,
,,33348,"hi1596646787Nz4QSSITyMsL9FjOWEWOh6Rd4WxJgO",19,,,,,,,,,,,,,,,,,,,,,,,,,,,,,,,,,,,,,
,,33351,"hi1596651446hkJskc4NkmsPTRV4QndVb4mA2uMctU",19,,,,,,,,,,,,,,,,,,,,,,,,,,,,,,,,,,,,,
,,33802,"hi1596796828YhCQ8LvYdBlHmg2IEWihthtLnlpiPj",19,,,,,,,,,,,,,,,,,,,,,,,,,,,,,,,,,,,,,
,,33369,"hi1596797249cKf5SuUBPVnpVIIWrKzLjDhMAOkkWc",19,,,,,,,,,,,,,,,,,,,,,,,,,,,,,,,,,,,,,
,,33805,"hi1596825621oAW0dpyCBq1vaXVX2r9hPgCb87BWSV",19,,,,,,,,,,,,,,,,,,,,,,,,,,,,,,,,,,,,,
,,33812,"hi1596895360qIbuxkegby51ezXsPYg1CpEkKSt1TI",19,,,,,,,,,,,,,,,,,,,,,,,,,,,,,,,,,,,,,
,,33392,"hi1596974423gFENMp4SdE4A3lZ72bmAjeOu9Hkyd2",19,,,,,,,,,,,,,,,,,,,,,,,,,,,,,,,,,,,,,
,,33394,"hi1596974834OtcQ9428jvpLX2BQ7FWDtCj4nV3E9s",19,,,,,,,,,,,,,,,,,,,,,,,,,,,,,,,,,,,,,
,,33824,"hi1596991411VtDo4RQRhPxqb6CaHqUg1xk0qRqy4S",19,,,,,,,,,,,,,,,,,,,,,,,,,,,,,,,,,,,,,
,,33826,"hi15969952157nvBnKaunOPYUWkOGjNtUu5WHfBtvC",19,,,,,,,,,,,,,,,,,,,,,,,,,,,,,,,,,,,,,
,,33827,"hi1596996502VEYxmgx0PWYUN4cl7KQcsyHatSo7yw",19,,,,,,,,,,,,,,,,,,,,,,,,,,,,,,,,,,,,,
,,33407,"hi1596999238ksKhSC11ynW0MGoyLX0ijahhEdzExM",19,,,,,,,,,,,,,,,,,,,,,,,,,,,,,,,,,,,,,
,,33409,"hi15970013945oxm1jK7Ole7pR4v7ZvMcUbQiqxwQX",19,,,,,,,,,,,,,,,,,,,,,,,,,,,,,,,,,,,,,
,,33412,"hi1597051016914H9J8xXAVfQ5wMjAydqeGPtTzWPX",19,,,,,,,,,,,,,,,,,,,,,,,,,,,,,,,,,,,,,
,,33415,"hi1597054141DMIilu8lmX3fzG8V6JMTwciyACkcqk",19,,,,,,,,,,,,,,,,,,,,,,,,,,,,,,,,,,,,,
,,33422,"hi1597061481dVsAcz9W5ki9hCBMpomf3N9DSiBrjd",19,,,,,,,,,,,,,,,,,,,,,,,,,,,,,,,,,,,,,
,,33427,"hi1597065151oDhUjqi1BecKeo0iVlIwgCMwLNe8Hl",19,,,,,,,,,,,,,,,,,,,,,,,,,,,,,,,,,,,,,
,,33434,"hi1597072768TlR7bU75bcnJYBBXQHXuSA6q4Z6IKh",19,,,,,,,,,,,,,,,,,,,,,,,,,,,,,,,,,,,,,
,,33442,"hi1597081963tBqwUD2THUPYNVaEuQonUvY91YTc3Q",19,,,,,,,,,,,,,,,,,,,,,,,,,,,,,,,,,,,,,
,,33840,"hi1597088150rhTE8jXLczZa67lYS1WIh2RqgsH1dH",19,,,,,,,,,,,,,,,,,,,,,,,,,,,,,,,,,,,,,
,,33446,"hi1597098815op72U8cL3ld5JBaoxe4tAGtV6l2oOw",19,,,,,,,,,,,,,,,,,,,,,,,,,,,,,,,,,,,,,
,,33449,"hi1597134968fQB72aC3Zer8hQ5v99Z27SWZzw4mN0",19,,,,,,,,,,,,,,,,,,,,,,,,,,,,,,,,,,,,,
,,33457,"hi1597149808JvMpRtR5yi69jrcL8IA9tOVl5jHbzR",19,,,,,,,,,,,,,,,,,,,,,,,,,,,,,,,,,,,,,
,,33850,"hi1597162306Wh6a9lft7mO1HvRP7C7XmDvoBBNsFV",19,,,,,,,,,,,,,,,,,,,,,,,,,,,,,,,,,,,,,
,,33852,"hi15971736672p7hRYzRD3RMzJUn8x9hvDDXIZd7fm",19,,,,,,,,,,,,,,,,,,,,,,,,,,,,,,,,,,,,,
,,33475,"hi15972263014ivQUX5jmYlUfuUJJJHwpSu4FiWFgy",19,,,,,,,,,,,,,,,,,,,,,,,,,,,,,,,,,,,,,
,,33857,"hi1597228359SiGeY57SW6e0FE2QSWBj255U5NsHKe",19,,,,,,,,,,,,,,,,,,,,,,,,,,,,,,,,,,,,,
,,33486,"hi1597245137w3ZNglfoadXwOdJarJF25uIckM24j7",19,,,,,,,,,,,,,,,,,,,,,,,,,,,,,,,,,,,,,
,,33862,"hi1597251606JXsvVpyo7wdTJE41fdxcWLqtNZ0LRL",19,,,,,,,,,,,,,,,,,,,,,,,,,,,,,,,,,,,,,
,,33865,"hi1597255420kOtsvBKBswNR3COdpHvBtuuUDmpZst",19,,,,,,,,,,,,,,,,,,,,,,,,,,,,,,,,,,,,,
,,33497,"hi15972704380alZjmYClo4RtGTTvqkredPwRYyh1g",19,,,,,,,,,,,,,,,,,,,,,,,,,,,,,,,,,,,,,
,,33516,"hi1597333225hZ0cTKq5oGQ8uSw1Xw44KZ2Pt4f5Wp",19,,,,,,,,,,,,,,,,,,,,,,,,,,,,,,,,,,,,,
,,33518,"hi1597334721ZH1Ut6tMzLUzLMNpNHPJBERxKjdE4a",19,,,,,,,,,,,,,,,,,,,,,,,,,,,,,,,,,,,,,
,,33521,"hi1597340806IwmOw56HdvPPTr315huuc3LPOyBHBb",19,,,,,,,,,,,,,,,,,,,,,,,,,,,,,,,,,,,,,
,,33523,"hi1597341620l4e1qChRMUSekbtFnPuZXArKHZeQ8K",19,,,,,,,,,,,,,,,,,,,,,,,,,,,,,,,,,,,,,
,,33530,"hi1597347418FsbZs3MRoXCWDkB692r1lKais3kxjb",19,,,,,,,,,,,,,,,,,,,,,,,,,,,,,,,,,,,,,
,,33537,"hi1597350763y5mCKrD231PBMcXx8FLLSu5ESCbk2K",19,,,,,,,,,,,,,,,,,,,,,,,,,,,,,,,,,,,,,
,,33542,"hi1597358589ooBvNEMdj5hCAGDPEQRJUfBHJC44DS",19,,,,,,,,,,,,,,,,,,,,,,,,,,,,,,,,,,,,,
,,33559,"hi1597396770wCkD84WqwUDaEl0XiBkwoETTLFtqtA",19,,,,,,,,,,,,,,,,,,,,,,,,,,,,,,,,,,,,,
,,33565,"hi1597402748A9laVvRkPtTxb1ieqB68TDJhJqCzIg",19,,,,,,,,,,,,,,,,,,,,,,,,,,,,,,,,,,,,,
,,33573,"hi1597409610gBuLmz7exH7mX1oq3ZL1k44vMDl10M",19,,,,,,,,,,,,,,,,,,,,,,,,,,,,,,,,,,,,,
,,33577,"hi1597411196bQWZlbxaGlMRsRLBnv1HCoyqihIGs2",19,,,,,,,,,,,,,,,,,,,,,,,,,,,,,,,,,,,,,
,,33895,"hi1597411360Bq8LUdo11lovYHfulrh1KtuMO6q3le",19,,,,,,,,,,,,,,,,,,,,,,,,,,,,,,,,,,,,,
,,33580,"hi1597413689VfXitVX6HNEnltwNZt1zwrR9INrCKu",19,,,,,,,,,,,,,,,,,,,,,,,,,,,,,,,,,,,,,
,,33897,"hi1597416483VnzygTe2XNjVpr1Y2R3Y7hLzvr3K2D",19,,,,,,,,,,,,,,,,,,,,,,,,,,,,,,,,,,,,,
,,33900,"hi1597419004nEv4cqSJNDq7OAAMaBgbrBMLCyn5k1",19,,,,,,,,,,,,,,,,,,,,,,,,,,,,,,,,,,,,,
,,33606,"hi15974307920KL1s3mXTqltmJm3uv7DTZZoGkKwwm",19,,,,,,,,,,,,,,,,,,,,,,,,,,,,,,,,,,,,,
,,33607,"hi1597431023BZeGFOYOPwu16TE0CNlvnmrkMqsTcm",19,,,,,,,,,,,,,,,,,,,,,,,,,,,,,,,,,,,,,
,,33611,"hi1597434337ufwYzGF82Ze4YvNBHOrAPwu7lu4IGU",19,,,,,,,,,,,,,,,,,,,,,,,,,,,,,,,,,,,,,
,,33613,"hi1597435105gGfIm2Utg5jxewqdJTi3HOLqZPACld",19,,,,,,,,,,,,,,,,,,,,,,,,,,,,,,,,,,,,,
,,33916,"hi1597483219Db1iNc47YSCgL4BVgdAZsYxHiIBmA0",19,,,,,,,,,,,,,,,,,,,,,,,,,,,,,,,,,,,,,
,,33639,"hi1597495532yaWbVopcRi1A9DZB4eXSBeyocQFKsD",19,,,,,,,,,,,,,,,,,,,,,,,,,,,,,,,,,,,,,
,,33924,"hi15974992415cecBManKk8c6YgYZAxwqKMsbjJtwR",19,,,,,,,,,,,,,,,,,,,,,,,,,,,,,,,,,,,,,
,,33643,"hi15974995608wuVRJf4e36I88bOw856Uqydr7UWsi",19,,,,,,,,,,,,,,,,,,,,,,,,,,,,,,,,,,,,,
,,33925,"hi1597499635CB39iLEFXfiJuZ8H5iIH7fnu3pOEOO",19,,,,,,,,,,,,,,,,,,,,,,,,,,,,,,,,,,,,,
,,33645,"hi1597501694ieSud3IHbo4hFsJRlTgrKpdHDy53ND",19,,,,,,,,,,,,,,,,,,,,,,,,,,,,,,,,,,,,,
,,33928,"hi1597507716zg03gB4keKvDjG91Ng31Meb5ZmJGYi",19,,,,,,,,,,,,,,,,,,,,,,,,,,,,,,,,,,,,,
,,33652,"hi1597509315w0D8NFuhYzPDfIVI9DHgkFU1gdbi1d",19,,,,,,,,,,,,,,,,,,,,,,,,,,,,,,,,,,,,,
,,33930,"hi1597510708EJdwJwB765nivzFrKKSJHNYU24PiFd",19,,,,,,,,,,,,,,,,,,,,,,,,,,,,,,,,,,,,,
,,33654,"hi1597511369vi7zgpzHZql7Jh6SUu1B1yZVUDC0aE",19,,,,,,,,,,,,,,,,,,,,,,,,,,,,,,,,,,,,,
,,33931,"hi1597511991WegIKhKuEx9ts67I68UPXqfCtMpca4",19,,,,,,,,,,,,,,,,,,,,,,,,,,,,,,,,,,,,,
,,33937,"hi1597515995352fC0UtxuSrCQ3OUWmJKs0HR8BO0T",19,,,,,,,,,,,,,,,,,,,,,,,,,,,,,,,,,,,,,
,,33664,"hi1597521404klfUFi32QhZuRzF259Rdgu0a3ohrsO",19,,,,,,,,,,,,,,,,,,,,,,,,,,,,,,,,,,,,,
,,33942,"hi1597522180YAZizFz0KnkoobPfJHCauirlJWOeNu",19,,,,,,,,,,,,,,,,,,,,,,,,,,,,,,,,,,,,,